{
  "mean": [
    35.36833333333333,
    15.961666666666666,
    10.98,
    0.525,
    1.4333333333333333,
    0.37166666666666665,
    0.025,
    3.3033333333333332,
    0.018333333333333333,
    0.02,
    0.0016666666666666668,
    0.0,
    0.008333333333333333,
    1.435,
    27.283333333333335,
    0.02287477104949629,
    0.0077346775454299995,
    0.8833333333333333,
    0.11666666666666667,
    0.0,
    0.0016666666666666668,
    15.198333333333334,
    0.0,
    0.375,
    0.03333333333333333,
    0.0,
    0.08,
    0.16666666666666666,
    0.10166666666666667,
    3.9975254307217067,
    3.2765355022997715,
    0.0,
    0.008333333333333333,
    0.0,
    1.125,
    0.0016666666666666668,
    0.018333333333333333,
    1.3066666666666666,
    0.08
  ],
  "scale": [
    20.144296063374586,
    8.734235163360836,
    13.260955219490539,
    5.386654032575944,
    0.6749485577105528,
    0.7832819132059387,
    0.2846781808756454,
    0.9458623343571492,
    0.13415372608400492,
    0.15143755588800728,
    0.04079079416840139,
    1.0,
    0.12219065248845982,
    4.244106698313164,
    14.837443250850942,
    0.05608715439203723,
    0.01538267805501797,
    0.3210226714043037,
    0.3210226714043037,
    1.0,
    0.04079079416840139,
    371.9712520216523,
    1.0,
    0.5238081709939241,
    0.17950549357115014,
    1.0,
    0.2712931993250107,
    0.38586123009300755,
    0.30220945642973446,
    0.40459541661393694,
    0.43049944347655866,
    1.0,
    0.12219065248845982,
    1.0,
    1.0341058939973218,
    0.04079079416840139,
    0.13415372608400492,
    0.5501110998900333,
    0.2712931993250107
  ],
  "var": [
    405.79266388888885,
    76.28686388888889,
    175.85293333333334,
    29.016041666666673,
    0.45555555555555555,
    0.6135305555555556,
    0.08104166666666668,
    0.8946555555555555,
    0.017997222222222223,
    0.02293333333333333,
    0.0016638888888888888,
    0.0,
    0.014930555555555553,
    18.012441666666664,
    220.14972222222218,
    0.003145768887796221,
    0.00023662678414433142,
    0.10305555555555555,
    0.10305555555555555,
    0.0,
    0.0016638888888888886,
    138362.61233055554,
    0.0,
    0.274375,
    0.03222222222222222,
    0.0,
    0.0736,
    0.1488888888888889,
    0.09133055555555555,
    0.1636974511450052,
    0.18532977083362673,
    0.0,
    0.014930555555555553,
    0.0,
    1.069375,
    0.0016638888888888888,
    0.017997222222222223,
    0.3026222222222222,
    0.0736
  ]
}